termdi,name ,description,selected_product
1,Test,LoremLoremLoremLoremLoremLoremLoremLorem,"[23,24,25,26]"
1,Test,LoremLoremLoremLoremLoremLoremLoremLorem,"[23,24,25,26]"
1,Test,LoremLoremLoremLoremLoremLoremLoremLorem,"[23,24,25,26]"
1,Test,LoremLoremLoremLoremLoremLoremLoremLorem,"[23,24,25,26]"
1,Test,LoremLoremLoremLoremLoremLoremLoremLorem,"[23,24,25,26]"
1,Test,LoremLoremLoremLoremLoremLoremLoremLorem,"[23,24,25,26]"
1,Test,LoremLoremLoremLoremLoremLoremLoremLorem,"[23,24,25,26]"
1,Test,LoremLoremLoremLoremLoremLoremLoremLorem,"[23,24,25,26]"
1,Test,LoremLoremLoremLoremLoremLoremLoremLorem,"[23,24,25,26]"
1,Test,LoremLoremLoremLoremLoremLoremLoremLorem,"[23,24,25,26]"
1,Test,LoremLoremLoremLoremLoremLoremLoremLorem,"[23,24,25,26]"
1,Test,LoremLoremLoremLoremLoremLoremLoremLorem,"[23,24,25,26]"
1,Test,LoremLoremLoremLoremLoremLoremLoremLorem,"[23,24,25,26]"
1,Test,LoremLoremLoremLoremLoremLoremLoremLorem,"[23,24,25,26]"
1,Test,LoremLoremLoremLoremLoremLoremLoremLorem,"[23,24,25,26]"
1,Test,LoremLoremLoremLoremLoremLoremLoremLorem,"[23,24,25,26]"
1,Test,LoremLoremLoremLoremLoremLoremLoremLorem,"[23,24,25,26]"
1,Test,LoremLoremLoremLoremLoremLoremLoremLorem,"[23,24,25,26]"
1,Test,LoremLoremLoremLoremLoremLoremLoremLorem,"[23,24,25,26]"
1,Test,LoremLoremLoremLoremLoremLoremLoremLorem,"[23,24,25,26]"
1,Test,LoremLoremLoremLoremLoremLoremLoremLorem,"[23,24,25,26]"
1,Test,LoremLoremLoremLoremLoremLoremLoremLorem,"[23,24,25,26]"
1,Test,LoremLoremLoremLoremLoremLoremLoremLorem,"[23,24,25,26]"
1,Test,LoremLoremLoremLoremLoremLoremLoremLorem,"[23,24,25,26]"
1,Test,LoremLoremLoremLoremLoremLoremLoremLorem,"[23,24,25,26]"